session,1
singleTournament,1
Cy,409,TTTTTTTTTTCCCCCCCCCCCCCCCCCCCCTTTTTTTTTTTTTTTTTTTTCCCCCCCCCCCCCCCCCCCCTTTTTTTTTTTTTTTTTTTTCCCCCCCCCCCCCCCCCCCCTTTTTTTTTTTTTTTTTTTTCCCCCCCCCCCCCCCCCCCCTTTTTTTTTTTTTTTTTTTTCCCCCCCCCCCCCCCCCCCCTTTTTTTTTT
TfT,404,CTTTTTTTTTTCCCCCCCCCCCCCCCCCCCCTTTTTTTTTTTTTTTTTTTTCCCCCCCCCCCCCCCCCCCCTTTTTTTTTTTTTTTTTTTTCCCCCCCCCCCCCCCCCCCCTTTTTTTTTTTTTTTTTTTTCCCCCCCCCCCCCCCCCCCCTTTTTTTTTTTTTTTTTTTTCCCCCCCCCCCCCCCCCCCCTTTTTTTTT
multipleTournament,2
1
SM,209,CTTTTTTTTTTTTTTTTTTTTTTTTTTTTTTTTTTTTTTTTTTTTTTTTTTTTTTTTTTTTTTTTTTTTTTTTTTTTTTTTTTTTTTTTTTTTTTTTTTTTTTTTTTTTTTTTTTTTTTTTTTTTTTTTTTTTTTTTTTTTTTTTTTTTT
RSS,139,TTCTTTTTTTTTCTTTTTTTTTCTTTTTTTTTCTTTTTTTTTCTTTTTTTTTCTTTTTTTTTCTTTTTTTTTCTTTTTTTTTCTTTTTTTTTCTTTTTTTTTCTTTTTTTTTCTTTTTTTTTCTTTTTTTTTCTTTTTTTTTCTTTTTTT
2
SM,209,CTTTTTTTTTTTTTTTTTTTTTTTTTTTTTTTTTTTTTTTTTTTTTTTTTTTTTTTTTTTTTTTTTTTTTTTTTTTTTTTTTTTTTTTTTTTTTTTTTTTTTTTTTTTTTTTTTTTTTTTTTTTTTTTTTTTTTTTTTTTTTTTTTTTTT
RSS,139,TTTTTTTTCTTTTTTTTTCTTTTTTTTTCTTTTTTTTTCTTTTTTTTTCTTTTTTTTTCTTTTTTTTTCTTTTTTTTTCTTTTTTTTTCTTTTTTTTTCTTTTTTTTTCTTTTTTTTTCTTTTTTTTTCTTTTTTTTTCTTTTTTTTTCT
3
SM,209,CTTTTTTTTTTTTTTTTTTTTTTTTTTTTTTTTTTTTTTTTTTTTTTTTTTTTTTTTTTTTTTTTTTTTTTTTTTTTTTTTTTTTTTTTTTTTTTTTTTTTTTTTTTTTTTTTTTTTTTTTTTTTTTTTTTTTTTTTTTTTTTTTTTTTT
RSS,139,TTTTTCTTTTTTTTTCTTTTTTTTTCTTTTTTTTTCTTTTTTTTTCTTTTTTTTTCTTTTTTTTTCTTTTTTTTTCTTTTTTTTTCTTTTTTTTTCTTTTTTTTTCTTTTTTTTTCTTTTTTTTTCTTTTTTTTTCTTTTTTTTTCTTTT
4
SM,209,CTTTTTTTTTTTTTTTTTTTTTTTTTTTTTTTTTTTTTTTTTTTTTTTTTTTTTTTTTTTTTTTTTTTTTTTTTTTTTTTTTTTTTTTTTTTTTTTTTTTTTTTTTTTTTTTTTTTTTTTTTTTTTTTTTTTTTTTTTTTTTTTTTTTTT
RSS,139,TTTTTTTTCTTTTTTTTTCTTTTTTTTTCTTTTTTTTTCTTTTTTTTTCTTTTTTTTTCTTTTTTTTTCTTTTTTTTTCTTTTTTTTTCTTTTTTTTTCTTTTTTTTTCTTTTTTTTTCTTTTTTTTTCTTTTTTTTTCTTTTTTTTTCT
5
SM,209,CTTTTTTTTTTTTTTTTTTTTTTTTTTTTTTTTTTTTTTTTTTTTTTTTTTTTTTTTTTTTTTTTTTTTTTTTTTTTTTTTTTTTTTTTTTTTTTTTTTTTTTTTTTTTTTTTTTTTTTTTTTTTTTTTTTTTTTTTTTTTTTTTTTTTT
RSS,139,TTCTTTTTTTTTCTTTTTTTTTCTTTTTTTTTCTTTTTTTTTCTTTTTTTTTCTTTTTTTTTCTTTTTTTTTCTTTTTTTTTCTTTTTTTTTCTTTTTTTTTCTTTTTTTTTCTTTTTTTTTCTTTTTTTTTCTTTTTTTTTCTTTTTTT
session,2
singleTournament,1
HM,361,CCTTCCCCCCCCCCCCCCCCCCCCCCCCCCCCCCCCCCCCCCCCCCCCCCCCCCCCCCCCCCCCCCCCCCCCCCCCCCCCCCCCCCCCCCCCCCCCCCCCCCCCCCCCCCCCCCCCCCCC
Te,356,CTCCCCCCCCCCCCCCCCCCCCCCCCCCCCCCCCCCCCCCCCCCCCCCCCCCCCCCCCCCCCCCCCCCCCCCCCCCCCCCCCCCCCCCCCCCCCCCCCCCCCCCCCCCCCCCCCCCCCCC
singleTournament,2
Cy,330,CCCCTTTTTCCCCCTTTTTCCCCCTTTTTCCCCCTTTTTCCCCCTTTTTCCCCCTTTTTCCCCCTTTTTCCCCCTTTTTCCCCCTTTTTCCCCCTTTTTC
CSS,180,TCCCCTCCCCTCCCCTCCCCTCCCCTCCCCTCCCCTCCCCTCCCCTCCCCTCCCCTCCCCTCCCCTCCCCTCCCCTCCCCTCCCCTCCCCTCCCCTCCCC
session,3
multipleTournament,1
1
FTfT,595,CCCCCCCCCCCCCCCCCCCCCCCCCCCCCCTCCCCCCCCCCCCCCCCCCCCCCCCCCCCCCCCCCCCCCCTCCCCCCCCCCCCCCCCCCCCCCCCCCCCCCCCCCCCCCCTCCCCCCCCCCCCCCCCCCCCCCCCCCCCCCCCCCCCCCCTCCCCCCCCCCCCCCCCCCCCCCCCCCCCCCCCCCCCCCCTCCCCCCCCC
CSS,595,CCCCCCCCCCCCCCCCCCCCCCCCCCCCCTCCCCCCCCCCCCCCCCCCCCCCCCCCCCCCCCCCCCCCCTCCCCCCCCCCCCCCCCCCCCCCCCCCCCCCCCCCCCCCCTCCCCCCCCCCCCCCCCCCCCCCCCCCCCCCCCCCCCCCCTCCCCCCCCCCCCCCCCCCCCCCCCCCCCCCCCCCCCCCCTCCCCCCCCCC
2
FTfT,595,CCCCCCCCCCCCCCCCCCCCCCCCCCCCCCCCCCTCCCCCCCCCCCCCCCCCCCCCCCCCCCCCCCCCCCCCCCTCCCCCCCCCCCCCCCCCCCCCCCCCCCCCCCCCCCCCCCTCCCCCCCCCCCCCCCCCCCCCCCCCCCCCCCCCCCCCCCTCCCCCCCCCCCCCCCCCCCCCCCCCCCCCCCCCCCCCCCTCCCCC
CSS,595,CCCCCCCCCCCCCCCCCCCCCCCCCCCCCCCCCTCCCCCCCCCCCCCCCCCCCCCCCCCCCCCCCCCCCCCCCTCCCCCCCCCCCCCCCCCCCCCCCCCCCCCCCCCCCCCCCTCCCCCCCCCCCCCCCCCCCCCCCCCCCCCCCCCCCCCCCTCCCCCCCCCCCCCCCCCCCCCCCCCCCCCCCCCCCCCCCTCCCCCC
3
FTfT,595,CCCCCCCCCCCCCCCCCCCCCCCCCCCCCCCCCCCCCTCCCCCCCCCCCCCCCCCCCCCCCCCCCCCCCCCCCCCCCTCCCCCCCCCCCCCCCCCCCCCCCCCCCCCCCCCCCCCCCTCCCCCCCCCCCCCCCCCCCCCCCCCCCCCCCCCCCCCCCTCCCCCCCCCCCCCCCCCCCCCCCCCCCCCCCCCCCCCCCTCC
CSS,595,CCCCCCCCCCCCCCCCCCCCCCCCCCCCCCCCCCCCTCCCCCCCCCCCCCCCCCCCCCCCCCCCCCCCCCCCCCCCTCCCCCCCCCCCCCCCCCCCCCCCCCCCCCCCCCCCCCCCTCCCCCCCCCCCCCCCCCCCCCCCCCCCCCCCCCCCCCCCTCCCCCCCCCCCCCCCCCCCCCCCCCCCCCCCCCCCCCCCTCCC
4
FTfT,593,CCCCCCCCCCCCCCCCCCCCCCCCCCTCCCCCCCCCCCCCCCCCCCCCCCCCCCCCCCCCCCCCCCTCCCCCCCCCCCCCCCCCCCCCCCCCCCCCCCCCCCCCCCTCCCCCCCCCCCCCCCCCCCCCCCCCCCCCCCCCCCCCCCCCCCCCCCCCCCCCCCCCCCCCCCCCCCCCCCCCCCCCCCTCCCCCCCCCCCCC
CSS,598,CCCCCCCCCCCCCCCCCCCCCCCCCTCCCCCCCCCCCCCCCCCCCCCCCCCCCCCCCCCCCCCCCTCCCCCCCCCCCCCCCCCCCCCCCCCCCCCCCCCCCCCCCTCCCCCCCCCCCCCCCCCCCCCCCCCCCCCCCCCCCCCCCTCCCCCCCCCCCCCCCCCCCCCCCCCCCCCCCCCCCCCCCTCCCCCCCCCCCCCC
5
FTfT,593,CCCCCCCCCCCCCCCCCCCCCCCCCCCCCCCCCCCCCCCCCCCCCCCCCCCCCCCCCCCCCCCCCCCCCCCCCCCTCCCCCCCCCCCCCCCCCCCCCCCCCCCCCCCCCCCCCCCTCCCCCCCCCCCCCCCCCCCCCCCCCCCCCCCCCCCCCCCTCCCCCCCCCCCCCCCCCCCCCCCCCCCCCCCCCCCCCCCTCCCC
CSS,598,CCCCCCCCCCCCCCCCCCCCCCCCCCCCCCCCCCTCCCCCCCCCCCCCCCCCCCCCCCCCCCCCCCCCCCCCCCTCCCCCCCCCCCCCCCCCCCCCCCCCCCCCCCCCCCCCCCTCCCCCCCCCCCCCCCCCCCCCCCCCCCCCCCCCCCCCCCTCCCCCCCCCCCCCCCCCCCCCCCCCCCCCCCCCCCCCCCTCCCCC
6
FTfT,593,CCCCCCCCCCCCCCCCCCCCCCCCCCCCCTCCCCCCCCCCCCCCCCCCCCCCCCCCCCCCCCCCCCCCCTCCCCCCCCCCCCCCCCCCCCCCCCCCCCCCCCCCCCCCCTCCCCCCCCCCCCCCCCCCCCCCCCCCCCCCCCCCCCCCCTCCCCCCCCCCCCCCCCCCCCCCCCCCCCCCCCCCCCCCCCCCCCCCCCCC
CSS,598,CCCCCCCCCCCCCCCCCCCCCCCCCCCCTCCCCCCCCCCCCCCCCCCCCCCCCCCCCCCCCCCCCCCCTCCCCCCCCCCCCCCCCCCCCCCCCCCCCCCCCCCCCCCCTCCCCCCCCCCCCCCCCCCCCCCCCCCCCCCCCCCCCCCCTCCCCCCCCCCCCCCCCCCCCCCCCCCCCCCCCCCCCCCCTCCCCCCCCCCC
7
FTfT,593,CCCCCCCCCCCCCCCCCCCCCCCCCCCCCCCTCCCCCCCCCCCCCCCCCCCCCCCCCCCCCCCCCCCCCCCTCCCCCCCCCCCCCCCCCCCCCCCCCCCCCCCCCCCCCCCTCCCCCCCCCCCCCCCCCCCCCCCCCCCCCCCCCCCCCCCTCCCCCCCCCCCCCCCCCCCCCCCCCCCCCCCCCCCCCCCCCCCCCCCC
CSS,598,CCCCCCCCCCCCCCCCCCCCCCCCCCCCCCTCCCCCCCCCCCCCCCCCCCCCCCCCCCCCCCCCCCCCCCTCCCCCCCCCCCCCCCCCCCCCCCCCCCCCCCCCCCCCCCTCCCCCCCCCCCCCCCCCCCCCCCCCCCCCCCCCCCCCCCTCCCCCCCCCCCCCCCCCCCCCCCCCCCCCCCCCCCCCCCTCCCCCCCCC
8
FTfT,595,CCCCCCCCCCCCCCCCCCCCCCCCCCCCCCCCCTCCCCCCCCCCCCCCCCCCCCCCCCCCCCCCCCCCCCCCCTCCCCCCCCCCCCCCCCCCCCCCCCCCCCCCCCCCCCCCCTCCCCCCCCCCCCCCCCCCCCCCCCCCCCCCCCCCCCCCCTCCCCCCCCCCCCCCCCCCCCCCCCCCCCCCCCCCCCCCCTCCCCCC
CSS,595,CCCCCCCCCCCCCCCCCCCCCCCCCCCCCCCCTCCCCCCCCCCCCCCCCCCCCCCCCCCCCCCCCCCCCCCCTCCCCCCCCCCCCCCCCCCCCCCCCCCCCCCCCCCCCCCCTCCCCCCCCCCCCCCCCCCCCCCCCCCCCCCCCCCCCCCCTCCCCCCCCCCCCCCCCCCCCCCCCCCCCCCCCCCCCCCCTCCCCCCC
9
FTfT,589,CCCCCCCCCCCCCCCCCCCCCCCCCCCCCCCCCCCCCCCCCCCCCCCCCCCCCCCCCCCCCCCCCCCCCCTCCCCCCCCCCCCCCCCCCCCCCCCCCCCCCCCCCCCCCCCCCCCCCCCCCCCCCCCCCCCCCCCCCCCCCCCCCCCCCCCCCCCCCCCCCCCCCCCCCCCCCCCCCCCCCCCCCCCCCCTCCCCCCCCC
CSS,604,CCCCCCCCCCCCCCCCCCCCCCCCCCCCCTCCCCCCCCCCCCCCCCCCCCCCCCCCCCCCCCCCCCCCCTCCCCCCCCCCCCCCCCCCCCCCCCCCCCCCCCCCCCCCCTCCCCCCCCCCCCCCCCCCCCCCCCCCCCCCCCCCCCCCCTCCCCCCCCCCCCCCCCCCCCCCCCCCCCCCCCCCCCCCCTCCCCCCCCCC
10
FTfT,595,CCCCCCCTCCCCCCCCCCCCCCCCCCCCCCCCCCCCCCCCCCCCCCCTCCCCCCCCCCCCCCCCCCCCCCCCCCCCCCCCCCCCCCCTCCCCCCCCCCCCCCCCCCCCCCCCCCCCCCCCCCCCCCCTCCCCCCCCCCCCCCCCCCCCCCCCCCCCCCCCCCCCCCCTCCCCCCCCCCCCCCCCCCCCCCCCCCCCCCCC
CSS,595,CCCCCCTCCCCCCCCCCCCCCCCCCCCCCCCCCCCCCCCCCCCCCCTCCCCCCCCCCCCCCCCCCCCCCCCCCCCCCCCCCCCCCCTCCCCCCCCCCCCCCCCCCCCCCCCCCCCCCCCCCCCCCCTCCCCCCCCCCCCCCCCCCCCCCCCCCCCCCCCCCCCCCCTCCCCCCCCCCCCCCCCCCCCCCCCCCCCCCCCC
singleTournament,2
T,272,TTTTTTTTTTTTTTTTTTTTTTTTTTTTTTTTTTTTTTTTTTTTTTTTTTTTTTTTTTTTTTTTTTTTTTTTTTTTTTTTTTTTTTTTTTTTTTTTTTTT
TFtF,57,TTTCCCTTCTTCCCCTTCCTCTCTTCTCTTTCCCCCCCCTTCCTTCTTCTTTTTCCCTCTTTTTTTCTCTTCCCTTCTTTTTTTTTCTTTCCTTCCTCTC
session,4
singleTournament,1
T,1424,TTTTTTTTTTTTTTTTTTTTTTTTTTTTTTTTTTTTTTTTTTTTTTTTTTTTTTTTTTTTTTTTTTTTTTTTTTTTTTTTTTTTTTTTTTTTTTTTTTTTTTTTTTTTTTTTTTTTTTTTTTTTTTTTTTTTTTTTTTTTTTTTTTTTTTTTTTTTTTTTTTTTTTTTTTTTTTTTTTTTTTTTTTTTTTTTTTTTTTTTTTTTTTTTTTTTTTTTTTTTTTTTTTTTTTTTTTTTTTTTTTTTTTTTTTTTTTTTTTTTTTTTTTTTTTTTTTTTTTTTTTTTTTTTTTTTTTTTTTTTTTTTTTTTTTTTTTTTTTTTTTTTTTTTTTTTTTTTTTTTTTTTTTTTTTTTTTTTTTTTTTTTTTTTTTTTTTTTTTTTTTTTTTTTTTTTTTTTTTTTTTTTTTTTTTTTTTTTTTTTTTTTTTTTTTTTTTTTTTTTTTTTTTTTTTTTTTTTTTTTTTTTTTTTTTTTTTTTTTTTTTTTTTTTTTTTTTTTTTTTTTTTTTTTTTTTTTTTTTTTTTTTTTTTTTTTTTTTTTTTTTTTTTTTTTTTTTTTTTTTTTTTTTTTTTTTTTTTTTTTTTTTTTTTTTTTTTTTTTTTTTTTTTTTTTTTTTTTTTTTTTTTTTTTTTTTTTTTTTTTTTTTTTTTTTTTTTTTTTTTTTTTTTTTTTTTTTTTTTTTTTTTTTTTTTTTTTTTTTTTTTTTTTTTTTTTTTTTTTTTTTTTTTTTTTTTTTTTTTTTTTTTTTTTTTTTTTTTTTTTTTTTTTTTTTTTTTTTTTTTTTTTTTTTTTTTTTTTTTTTTTTTTTTTTTTTTTTTTTTTTTTTTTTTTTTTTTTTTTTTTTTTTTTTTTTTTTTTTTTTTTTTTTTTTTTTTTTTTTTTTTTTTTTTTTTTTTTTTTTTTTTTTTTTTTTTTTTTTTTTTTTTTTTTTTTTTTTTTTTTTTTTTTTTTTTTTTTTTTTTTTTTTTTTTTTTTTTTTTTTTTTTTTTTTTTTTTTTTTTT
FTfT,894,CTCTTTTTTTTTCTTCTTTTTTTTTTTTTTTTTTTTCTTTTTTTTTTTTTTTTTTTTTTTTCTTTTTTCTTTTTTTTTTTTTTTTTTTTTCTTCTTCTTTTTTTTTCTTCTTCTTTTTTTTTTTTTTTTTTCTCTTTCTCTCTTTTTTTCTTTTTCTTTCTTTTTTTTTTTTTTCTTTTTTTTTTCTTTTTTTTTTTTTTTTCTTTTTTTTTTTTTCTTTTTTTTTTTTTTTTTTTTCTTTTTTTTTTTTTTTTTTTTTCTTTTTTCTTTCCTTTTTCTTTTTTTTTTTTTTTTCTTTTCTTTTTTTTTTCTCTCCTTTTTTTTTTTTTTTCTTTTTTTTTTTTTTTTTCTCTTTTTTTTTTTCTCTTCTTCCTTTTTTTTCTTTTTTTTTTTTTTTTTTTTTTTTCTTTTTTTTTTCCTTTTTTTTTTTTTTTTTTTTCTTTTTTTTTTTCTTTTTTTCTTCTTCTCTCTTTCTTTTTTTTTTTCCTTTTTTTTTTTTTTTTTTTTTTCTTTTTCTTTTTTTCTTCTTTTTTTTTTTTTTTTTTTTTTTTTTTTTTTTTTTTTTCTTCTTTTTTTTTCTTTTTTTTTCTTTTTTTTTCTTTTTTTCTTTTTTTTTTCTCCTTTTTCTTTTCTCTTCTTTTTTTTTCTTCTCTTTCTTTTTTTTTTTTCTTTTTTTTTTTTTTTTCTTTTTTTTTTTTTTTTTTTTTTTTCCTTTTTTTTTTTTTTTTTTTTTTTTCTTTTCTTTTTTTCTTTCCTTCTTTTTTTTTTTTTTTCTTTTTTTTTTTTTTTTTTTTTTTTTTTTTTTTTTTTTTTTTTTTTTTTTTTTTTTTTTCTTTTTTTTCTTCTTTTTCTTTTTTTTTTTTTTTTCTTTTCTTTTTTTTTTTTTTTTTTTTTTTTTTTTTTCTTTTTTTTTTTTCTTTTTTTTTTTTTTTTTTTTTTTTTTTTTCTTTTTTTTTTTTTTTTCTTTTCTTTTTTTTTTCTTCTTTTTTTTCCTTTTTTT
session,5
singleTournament,1
R,9,CCCCCCCCCC
R,44,TTCTTCTTTC
singleTournament,2
R,218,TTTTCCTTCCTTCTCTTCTCTTCTCCCTCCTCTTCCCTCCTTCTTCTCTCCTTCTTTCCTTCCTCCCTCCTCCCCCCTTTTTCCTCCTCCTTCTCCTTTT
R,233,TCCCCTCCTCCCTTTCCTTTTTCTCTTCTTCCCCTTTTTTTTCCTTCCTTTCTTTTTTCTTCTTCTCTCTTCTCTCTCTCCCCCCCCCTTTCTCCTCCCT
singleTournament,3
TfT,300,CCCCCCCCCCCCCCCCCCCCCCCCCCCCCCCCCCCCCCCCCCCCCCCCCCCCCCCCCCCCCCCCCCCCCCCCCCCCCCCCCCCCCCCCCCCCCCCCCCCC
TfT,300,CCCCCCCCCCCCCCCCCCCCCCCCCCCCCCCCCCCCCCCCCCCCCCCCCCCCCCCCCCCCCCCCCCCCCCCCCCCCCCCCCCCCCCCCCCCCCCCCCCCC
singleTournament,4
C,300,CCCCCCCCCCCCCCCCCCCCCCCCCCCCCCCCCCCCCCCCCCCCCCCCCCCCCCCCCCCCCCCCCCCCCCCCCCCCCCCCCCCCCCCCCCCCCCCCCCCC
C,300,CCCCCCCCCCCCCCCCCCCCCCCCCCCCCCCCCCCCCCCCCCCCCCCCCCCCCCCCCCCCCCCCCCCCCCCCCCCCCCCCCCCCCCCCCCCCCCCCCCCC
singleTournament,5
T,100,TTTTTTTTTTTTTTTTTTTTTTTTTTTTTTTTTTTTTTTTTTTTTTTTTTTTTTTTTTTTTTTTTTTTTTTTTTTTTTTTTTTTTTTTTTTTTTTTTTTT
T,100,TTTTTTTTTTTTTTTTTTTTTTTTTTTTTTTTTTTTTTTTTTTTTTTTTTTTTTTTTTTTTTTTTTTTTTTTTTTTTTTTTTTTTTTTTTTTTTTTTTTT
singleTournament,6
Te,104,CTCTTTTTTTTTTTTTTTTTTTTTTTTTTTTTTTTTTTTTTTTTTTTTTTTTTTTTTTTTTTTTTTTTTTTTTTTTTTTTTTTTTTTTTTTTTTTTTTTT
Te,104,CTCTTTTTTTTTTTTTTTTTTTTTTTTTTTTTTTTTTTTTTTTTTTTTTTTTTTTTTTTTTTTTTTTTTTTTTTTTTTTTTTTTTTTTTTTTTTTTTTTT
singleTournament,7
FTfT,300,CCCCCCCCCCCCCCCCCCCCCCCCCCCCCCCCCCCCCCCCCCCCCCCCCCCCCCCCCCCCCCCCCCCCCCCCCCCCCCCCCCCCCCCCCCCCCCCCCCCC
FTfT,300,CCCCCCCCCCCCCCCCCCCCCCCCCCCCCCCCCCCCCCCCCCCCCCCCCCCCCCCCCCCCCCCCCCCCCCCCCCCCCCCCCCCCCCCCCCCCCCCCCCCC
singleTournament,8
SM,300,CCCCCCCCCCCCCCCCCCCCCCCCCCCCCCCCCCCCCCCCCCCCCCCCCCCCCCCCCCCCCCCCCCCCCCCCCCCCCCCCCCCCCCCCCCCCCCCCCCCC
SM,300,CCCCCCCCCCCCCCCCCCCCCCCCCCCCCCCCCCCCCCCCCCCCCCCCCCCCCCCCCCCCCCCCCCCCCCCCCCCCCCCCCCCCCCCCCCCCCCCCCCCC
singleTournament,9
HM,300,CCCCCCCCCCCCCCCCCCCCCCCCCCCCCCCCCCCCCCCCCCCCCCCCCCCCCCCCCCCCCCCCCCCCCCCCCCCCCCCCCCCCCCCCCCCCCCCCCCCC
HM,300,CCCCCCCCCCCCCCCCCCCCCCCCCCCCCCCCCCCCCCCCCCCCCCCCCCCCCCCCCCCCCCCCCCCCCCCCCCCCCCCCCCCCCCCCCCCCCCCCCCCC
singleTournament,10
P,206,CCTCCTCTTTCCTTCCCCTTCCCCCTCTTTCTCCTCTCCTCTTCTCCCCCCTTTTCTCCCTCCTCTTTCTTTTTTCTTTCCTCCTTTCTCCCTCCCTCCC
P,241,TTTTTTCTCTTTTCCCCTTTTTTCTCCCCTCTTCTTCTCCCCCCTCCCTCCTTTCCTCCCCCTTTTCCTTCTTTTTCCTCTTCTCCCCTTCCTCCTTTTT
singleTournament,11
Cy,198,CTTTTTTTTCCCCCCCCTTTTTTTTCCCCCCCCTTTTTTTTCCCCCCCCTTTTTTTTCCCCCCCCTTTTTTTTCCCCCCCCTTTTTTTTCCCCCCCCTTT
Cy,198,CTTTTTTTTCCCCCCCCTTTTTTTTCCCCCCCCTTTTTTTTCCCCCCCCTTTTTTTTCCCCCCCCTTTTTTTTCCCCCCCCTTTTTTTTCCCCCCCCTTT
singleTournament,12
CSS,280,CCCCCCTCCCCCCCCCTCCCCCCCCCTCCCCCCCCCTCCCCCCCCCTCCCCCCCCCTCCCCCCCCCTCCCCCCCCCTCCCCCCCCCTCCCCCCCCCTCCC
CSS,280,CCCCCCTCCCCCCCCCTCCCCCCCCCTCCCCCCCCCTCCCCCCCCCTCCCCCCCCCTCCCCCCCCCTCCCCCCCCCTCCCCCCCCCTCCCCCCCCCTCCC
singleTournament,13
RSS,110,TTTTTTTCTTTTTTTTTTTTTTTTTTTCTTTTTTTTTTTTTTTTTTTCTTTTTTTTTTTTTTTTTTTCTTTTTTTTTTTTTTTTTTTCTTTTTTTTTTTT
RSS,110,TTTTTTTCTTTTTTTTTTTTTTTTTTTCTTTTTTTTTTTTTTTTTTTCTTTTTTTTTTTTTTTTTTTCTTTTTTTTTTTTTTTTTTTCTTTTTTTTTTTT
session,6
multipleTournament,1
1
R,42,CCCCTTTCCTTCTCTCTTCT
R,47,CTCTTTTTTCCTCCTTCCCT
2
R,42,TCCTTTCTTCCCCTCTTCTT
R,42,CCCTCCTTTCTTCTCTTTCT
3
R,56,CTTCTCCTTTTTTTCCTTTC
R,31,CCCCTCTTCTCCCCCTTTTC
4
R,46,CTCTCTCCTTCTTCTCCTTT
R,41,CTCCCTTCTTTTCTTCTCCC
5
R,41,CCCCTCTTCCTCCCCCCCTC
R,61,CTTCTCTCCTCCTTTCCCCT
session,7
multipleTournament,1
1
R,52,TTCTCCTCTCCCTTTTTTTC
R,37,CCTTCTCTTCTCTCCTTCCC
2
R,56,TCCCTTCTCTCTTTTTTCCT
R,36,CCTTCCCCCCCCTTCTCTTT
3
R,45,TTTTCTTCCCTCCTCTCCTC
R,45,TTCTTTTCCTCTCCTCTCCC
4
R,44,CTCCTTTTTCTTTCCTCTTC
R,39,CCCTTCTTCTCTTTTTCTCC
5
R,40,TCCTTCCCTCCCCCCCTTCT
R,55,TCTCTTTTTCCCTCCTCTCC
6
R,41,CTTTTCTTCTCCTCTCCCTC
R,46,TTTTCTTCCCCTTCCCTTTC
7
R,42,CCCTCCCTCCTTTCTTTCTC
R,47,TTCTCCCTCCTCTTCTTTCC
8
R,51,TTTTCCTTTCTCTCCTTCCC
R,41,CCCTCTCCCTCCTTCTTTCT
9
R,56,TTTCTTCCTTTTTTTCTTCT
R,26,TCCCTTTTCCTCTTTCCCCC
10
R,56,TCCCTTTCCCTTTCCCTTTC
R,36,TCCCTTCCCCCTTCCCCTCC
11
R,51,CCCTCCTTCCTTTCTCCTCT
R,46,TCCCCTTCCTCTCCCTTCCT
12
R,43,TTTTTCTTTCTTCTTTCTTT
R,28,CTCTTTTTCTCTCTTTTTCC
13
R,58,TCCTCCTTCCTCTTTCTTTT
R,33,CCCTCCCCCTTCCCCTCTTT
14
R,34,CTCTCCTTCCTTCCCCCCCC
R,64,TCTCCTTCCTTCTTTTCTTC
15
R,42,CTCTCTTCTCCTTCTCCTCC
R,47,CTTTCTTTTCCCCCTCTCCT
16
R,14,CTCCCCTCTCTCCTCTTCCT
R,64,TTTTTCTCTTTTTTTTTTTT
17
R,56,CTTCTTCCCTCCCTTTTCTT
R,36,CCTCCTCCCTCTTCCCCCTT
18
R,67,CCTTTCCTTTTTCTTTCCTT
R,27,CCCCTCCCCCTCTCTTCCCC
19
R,29,CTTCCCCTCTCCCTTCCCCC
R,64,TTTTCTTCCCTTTTTCTCTC
20
R,57,CTTCCTTTCTTCCCTCTCTT
R,37,CCCCCTCTCCCTTCCCCTTT
21
R,56,CTTTTTTTCCTTTTCTCTTC
R,31,TTTCCCCCTTCTCCCTCCTT
22
R,41,CCTTTTCTTTTTTCCTTTCC
R,36,TCTTTCCTTCCTCTTTTTCC
23
R,45,TTTCCCTTCCTCCCTTCTTC
R,45,CCCTTTTTCCTCTTTTCCCC
24
R,44,TTCTTTTCCCTCCTTTTTTT
R,34,CTTCTTTCTTTCTTCTCCCT
25
R,46,TTCTTCCCCTTCTCCCTTTC
R,46,CTTCCCTCTTCTCTCTTTCC
26
R,46,TTCTTCTTCTTCCCTCTCTC
R,41,CCTCCCTTCTTTCCTTCTTC
27
R,44,CCTTCCTTCCCCTTTCTCTC
R,49,CCCTCTCTTTCTCCTTTCCT
28
R,63,CCTCTTCTTCTCTCTTTTTT
R,28,CTTCCTCCTCCCCCCTTCCC
29
R,45,CTCTTCTTCTCTCCTCTCTC
R,45,CCCCCCTTCCTTTCTTCTTT
30
R,51,TCTCTTTTTTTCCTTCCTTT
R,31,TCTTTTTCCCCCTTCCTCCT
session,8
multipleTournament,1
1
R,64,CTCTCCTCTTTTTCCTTCCT
R,34,TCCCCCCCTCCTCCTCCCCT
2
R,40,CTCTCTCCTCTCTTCTTCTT
R,45,TCCCCCTTTTTTCTTTCCTT
3
R,58,CTTTTCTTTCCCCTTCCTTC
R,38,TCCCCCTTTTCTCCCCCCCT
4
R,40,CTCTCCCTTTTTCCCCTTCC
R,50,CTCTCTTCCCTTCCTTTCTT
5
R,61,TTTTTCCTTTCCTCCTCTTT
R,31,CCTCTCTCCCCTTTCCCTCC
6
R,50,CTCTTCTTTCCCTCCTCCTT
R,40,CTTTCCTTTCCCCTCCCCCT
7
R,43,CTCCTTTCTCTTTTTCCCCC
R,43,CTTCTCTCCTTTCTTCCCCT
8
R,55,CCCCCCCCTCTTTCTTTCCC
R,50,TCCTCCCCCTCCCTTCCTCC
9
R,44,CTCCCTCTCCCTCTTCTTCT
R,49,CCTCTTTCCCTCTTCCTTTC
10
R,66,CCCCCTTCCTTCTTTTCCCC
R,41,CCTCCCCCCCCCCCCTCCTC
singleTournament,2
Cy,40,TCCCCCCCCCCCCCCCCCCCCCCCCCCCCC
R,120,TTTCTCTTCTTTCCTTCCTTTCCCCTTCTC
session,9
singleTournament,1
Cy,400,TTTTTCCCCCCCCCCTTTTTTTTTTCCCCCCCCCCTTTTTTTTTTCCCCCCCCCCTTTTTTTTTTCCCCCCCCCCTTTTTTTTTTCCCCCCCCCCTTTTT
TfT,150,CCCCCCCCCCCCCCCCCCCCCCCCCCCCCCCCCCCCCCCCCCCCCCCCCCCCCCCCCCCCCCCCCCCCCCCCCCCCCCCCCCCCCCCCCCCCCCCCCCCC
session,10
singleTournament,1
Cy,205,CCCCCTTTTTTTTTTCCCCCCCCCCTTTTTTTTTTCCCCCCCCCCTTTTTTTTTTCCCCCCCCCCTTTTTTTTTTCCCCCCCCCCTTTTTTTTTTCCCCC
TfT,205,CCCCCCTTTTTTTTTTCCCCCCCCCCTTTTTTTTTTCCCCCCCCCCTTTTTTTTTTCCCCCCCCCCTTTTTTTTTTCCCCCCCCCCTTTTTTTTTTCCCC
singleTournament,2
SM,258,CCCCCCCTTTTTTTTTTTTTTTTTTTTTCTCTCCCCCTTTTTTTTTCTTTTTCTCTTTTTTTTTTTTTTTTTTTTTTTTTTTTTTTTTTTTTTTTTTTTT
R,118,CCTTCTTTTTCCTTCTCCTCTTCTCCCCTCTCCCTTTTTCCTTCCCTTTCCCTCTTTTCTCTTTCCCTCTCTTTCTTCTTTCTTTCCCCTTTCTTCCTCT
singleTournament,3
HM,281,CCTTTTTTTTTTTTTTTTTTTTTTTTTTTTTTTTTTTTTTTTTTTTTTTTTTTTTTTTTTTTTTTTTTTTTTTTTTTTTTTTTTTTTTTTTTTTTTTTTT
R,61,CTTTCTCCTTCCCCTTCCCTTTCCTCCTTTTTCTTCTTTTTTCCTTCTTCTCTCTCCCCTTTTTCCCCTTCTCTTTCCTCCTTTTCCTTCTCCTCCCCTT
session,11
singleTournament,1
G,138,CTTTTTTTTTTTTTTTTTTTTTTTTTTTTTTTTTTTTTTTTTTTTTTTTTTTTTTTTTTTTTTTTTTTTTTTTTTTTTTTTTTTTTTTTTTTTTTTTTTT
Ch,93,CCCCCCCCCCTTTTTTTTTTTTTTTTTTTTTTTTTTTTTTTTTTTTTTTTTTTTTTTTTTTTTTTTTTTTTTTTTTTTTTTTTTTTTTTTTTTTTTTTTT
session,12
singleTournament,1
G,119,CCCCCCCCCCCTTTTTTTTTTTTTTTTTTTTTTTTTTTTTTTTTTTTTTTTTTTTTTTTTTTTTTTTTTTTTTTTTTTTTTTTTTTTTTTTTTTTTTTTT
Ch,124,CCCCCCCCCCTTTTTTTTTTTTTTTTTTTTTTTTTTTTTTTTTTTTTTTTTTTTTTTTTTTTTTTTTTTTTTTTTTTTTTTTTTTTTTTTTTTTTTTTTT
multipleTournament,2
1
G,311,CTTTTTTTTTTTTTTTTTTTTTTTTTTTTTTTTTTTTTTTTTTTTTTTTTTTTTTTTTTTTTTTTTTTTTTTTTTTTTTTTTTTTTTTTTTTTTTTTTTT
Cy,51,TTTTTTTCCCCCCCCCCCCCCCCCCCCTTTTTTTTTTTTTTTTTTTTCCCCCCCCCCCCCCCCCCCCTTTTTTTTTTTTTTTTTTTTCCCCCCCCCCCCC
2
G,310,CTTTTTTTTTTTTTTTTTTTTTTTTTTTTTTTTTTTTTTTTTTTTTTTTTTTTTTTTTTTTTTTTTTTTTTTTTTTTTTTTTTTTTTTTTTTTTTTTTTT
Cy,50,CCCCCCCCCCCCCTTTTTTTTTTTTTTTTTTTTCCCCCCCCCCCCCCCCCCCCTTTTTTTTTTTTTTTTTTTTCCCCCCCCCCCCCCCCCCCCTTTTTTT
3
G,303,CTTTTTTTTTTTTTTTTTTTTTTTTTTTTTTTTTTTTTTTTTTTTTTTTTTTTTTTTTTTTTTTTTTTTTTTTTTTTTTTTTTTTTTTTTTTTTTTTTTT
Cy,53,TTTTTTTTTCCCCCCCCCCCCCCCCCCCCTTTTTTTTTTTTTTTTTTTTCCCCCCCCCCCCCCCCCCCCTTTTTTTTTTTTTTTTTTTTCCCCCCCCCCC
4
G,263,CTTTTTTTTTTTTTTTTTTTTTTTTTTTTTTTTTTTTTTTTTTTTTTTTTTTTTTTTTTTTTTTTTTTTTTTTTTTTTTTTTTTTTTTTTTTTTTTTTTT
Cy,63,TTTTTTTTTTTTTTTTTTTCCCCCCCCCCCCCCCCCCCCTTTTTTTTTTTTTTTTTTTTCCCCCCCCCCCCCCCCCCCCTTTTTTTTTTTTTTTTTTTTC
5
G,274,CTTTTTTTTTTTTTTTTTTTTTTTTTTTTTTTTTTTTTTTTTTTTTTTTTTTTTTTTTTTTTTTTTTTTTTTTTTTTTTTTTTTTTTTTTTTTTTTTTTT
Cy,59,CCCCTTTTTTTTTTTTTTTTTTTTCCCCCCCCCCCCCCCCCCCCTTTTTTTTTTTTTTTTTTTTCCCCCCCCCCCCCCCCCCCCTTTTTTTTTTTTTTTT
6
G,319,CTTTTTTTTTTTTTTTTTTTTTTTTTTTTTTTTTTTTTTTTTTTTTTTTTTTTTTTTTTTTTTTTTTTTTTTTTTTTTTTTTTTTTTTTTTTTTTTTTTT
Cy,49,TTTTTCCCCCCCCCCCCCCCCCCCCTTTTTTTTTTTTTTTTTTTTCCCCCCCCCCCCCCCCCCCCTTTTTTTTTTTTTTTTTTTTCCCCCCCCCCCCCCC
7
G,322,CTTTTTTTTTTTTTTTTTTTTTTTTTTTTTTTTTTTTTTTTTTTTTTTTTTTTTTTTTTTTTTTTTTTTTTTTTTTTTTTTTTTTTTTTTTTTTTTTTTT
Cy,47,CCCCCCCCCCCCCCCCTTTTTTTTTTTTTTTTTTTTCCCCCCCCCCCCCCCCCCCCTTTTTTTTTTTTTTTTTTTTCCCCCCCCCCCCCCCCCCCCTTTT
8
G,315,CTTTTTTTTTTTTTTTTTTTTTTTTTTTTTTTTTTTTTTTTTTTTTTTTTTTTTTTTTTTTTTTTTTTTTTTTTTTTTTTTTTTTTTTTTTTTTTTTTTT
Cy,50,TTTTTTCCCCCCCCCCCCCCCCCCCCTTTTTTTTTTTTTTTTTTTTCCCCCCCCCCCCCCCCCCCCTTTTTTTTTTTTTTTTTTTTCCCCCCCCCCCCCC
9
G,279,CTTTTTTTTTTTTTTTTTTTTTTTTTTTTTTTTTTTTTTTTTTTTTTTTTTTTTTTTTTTTTTTTTTTTTTTTTTTTTTTTTTTTTTTTTTTTTTTTTTT
Cy,59,TTTTTTTTTTTTTTTCCCCCCCCCCCCCCCCCCCCTTTTTTTTTTTTTTTTTTTTCCCCCCCCCCCCCCCCCCCCTTTTTTTTTTTTTTTTTTTTCCCCC
10
G,262,CTTTTTTTTTTTTTTTTTTTTTTTTTTTTTTTTTTTTTTTTTTTTTTTTTTTTTTTTTTTTTTTTTTTTTTTTTTTTTTTTTTTTTTTTTTTTTTTTTTT
Cy,62,CTTTTTTTTTTTTTTTTTTTTCCCCCCCCCCCCCCCCCCCCTTTTTTTTTTTTTTTTTTTTCCCCCCCCCCCCCCCCCCCCTTTTTTTTTTTTTTTTTTT
session,13
multipleTournament,1
1
G,291,CTTTTTTTTTTTTTTTTTTTTTTTTTTTTTTTTTTTTTTTTTTTTTTTTTTTTTTTTTTTTTTTTTTTTTTTTTTTTTTTTTTTTTTTTTTTTTTTTTTT
Cy,56,TTTTTTTTTTTTCCCCCCCCCCCCCCCCCCCCTTTTTTTTTTTTTTTTTTTTCCCCCCCCCCCCCCCCCCCCTTTTTTTTTTTTTTTTTTTTCCCCCCCC
2
G,269,CCCCCCTTTTTTTTTTTTTTTTTTTTTTTTTTTTTTTTTTTTTTTTTTTTTTTTTTTTTTTTTTTTTTTTTTTTTTTTTTTTTTTTTTTTTTTTTTTTTT
Cy,74,CCCCCTTTTTTTTTTTTTTTTTTTTCCCCCCCCCCCCCCCCCCCCTTTTTTTTTTTTTTTTTTTTCCCCCCCCCCCCCCCCCCCCTTTTTTTTTTTTTTT
3
G,291,CTTTTTTTTTTTTTTTTTTTTTTTTTTTTTTTTTTTTTTTTTTTTTTTTTTTTTTTTTTTTTTTTTTTTTTTTTTTTTTTTTTTTTTTTTTTTTTTTTTT
Cy,56,TTTTTTTTTTTTCCCCCCCCCCCCCCCCCCCCTTTTTTTTTTTTTTTTTTTTCCCCCCCCCCCCCCCCCCCCTTTTTTTTTTTTTTTTTTTTCCCCCCCC
4
G,299,CTTTTTTTTTTTTTTTTTTTTTTTTTTTTTTTTTTTTTTTTTTTTTTTTTTTTTTTTTTTTTTTTTTTTTTTTTTTTTTTTTTTTTTTTTTTTTTTTTTT
Cy,54,TTTTTTTTTTCCCCCCCCCCCCCCCCCCCCTTTTTTTTTTTTTTTTTTTTCCCCCCCCCCCCCCCCCCCCTTTTTTTTTTTTTTTTTTTTCCCCCCCCCC
5
G,275,CCCCCCCCCTTTTTTTTTTTTTTTTTTTTTTTTTTTTTTTTTTTTTTTTTTTTTTTTTTTTTTTTTTTTTTTTTTTTTTTTTTTTTTTTTTTTTTTTTTT
Cy,80,CCCCCCCCTTTTTTTTTTTTTTTTTTTTCCCCCCCCCCCCCCCCCCCCTTTTTTTTTTTTTTTTTTTTCCCCCCCCCCCCCCCCCCCCTTTTTTTTTTTT
6
G,335,CTTTTTTTTTTTTTTTTTTTTTTTTTTTTTTTTTTTTTTTTTTTTTTTTTTTTTTTTTTTTTTTTTTTTTTTTTTTTTTTTTTTTTTTTTTTTTTTTTTT
Cy,45,TCCCCCCCCCCCCCCCCCCCCTTTTTTTTTTTTTTTTTTTTCCCCCCCCCCCCCCCCCCCCTTTTTTTTTTTTTTTTTTTTCCCCCCCCCCCCCCCCCCC
7
G,335,CTTTTTTTTTTTTTTTTTTTTTTTTTTTTTTTTTTTTTTTTTTTTTTTTTTTTTTTTTTTTTTTTTTTTTTTTTTTTTTTTTTTTTTTTTTTTTTTTTTT
Cy,45,TCCCCCCCCCCCCCCCCCCCCTTTTTTTTTTTTTTTTTTTTCCCCCCCCCCCCCCCCCCCCTTTTTTTTTTTTTTTTTTTTCCCCCCCCCCCCCCCCCCC
8
G,303,CTTTTTTTTTTTTTTTTTTTTTTTTTTTTTTTTTTTTTTTTTTTTTTTTTTTTTTTTTTTTTTTTTTTTTTTTTTTTTTTTTTTTTTTTTTTTTTTTTTT
Cy,53,TTTTTTTTTCCCCCCCCCCCCCCCCCCCCTTTTTTTTTTTTTTTTTTTTCCCCCCCCCCCCCCCCCCCCTTTTTTTTTTTTTTTTTTTTCCCCCCCCCCC
9
G,299,CTTTTTTTTTTTTTTTTTTTTTTTTTTTTTTTTTTTTTTTTTTTTTTTTTTTTTTTTTTTTTTTTTTTTTTTTTTTTTTTTTTTTTTTTTTTTTTTTTTT
Cy,54,TTTTTTTTTTCCCCCCCCCCCCCCCCCCCCTTTTTTTTTTTTTTTTTTTTCCCCCCCCCCCCCCCCCCCCTTTTTTTTTTTTTTTTTTTTCCCCCCCCCC
10
G,303,CTTTTTTTTTTTTTTTTTTTTTTTTTTTTTTTTTTTTTTTTTTTTTTTTTTTTTTTTTTTTTTTTTTTTTTTTTTTTTTTTTTTTTTTTTTTTTTTTTTT
Cy,53,TTTTTTTTTCCCCCCCCCCCCCCCCCCCCTTTTTTTTTTTTTTTTTTTTCCCCCCCCCCCCCCCCCCCCTTTTTTTTTTTTTTTTTTTTCCCCCCCCCCC
singleTournament,2
G,300,CCCCCCCCCCCCCCCCCCCCCCCCCCCCCCCCCCCCCCCCCCCCCCCCCCCCCCCCCCCCCCCCCCCCCCCCCCCCCCCCCCCCCCCCCCCCCCCCCCCC
TfT,300,CCCCCCCCCCCCCCCCCCCCCCCCCCCCCCCCCCCCCCCCCCCCCCCCCCCCCCCCCCCCCCCCCCCCCCCCCCCCCCCCCCCCCCCCCCCCCCCCCCCC
session,14
session,15
singleTournament,1
TfT,300,CCCCCCCCCCCCCCCCCCCCCCCCCCCCCCCCCCCCCCCCCCCCCCCCCCCCCCCCCCCCCCCCCCCCCCCCCCCCCCCCCCCCCCCCCCCCCCCCCCCC
WSLS,300,CCCCCCCCCCCCCCCCCCCCCCCCCCCCCCCCCCCCCCCCCCCCCCCCCCCCCCCCCCCCCCCCCCCCCCCCCCCCCCCCCCCCCCCCCCCCCCCCCCCC
singleTournament,2
WSLS,205,CCCCTTTTTTTTTTCCCCCCCCCCTTTTTTTTTTCCCCCCCCCCTTTTTTTTTTCCCCCCCCCCTTTTTTTTTTCCCCCCCCCCTTTTTTTTTTCCCCCC
Cy,205,CCCTTTTTTTTTTCCCCCCCCCCTTTTTTTTTTCCCCCCCCCCTTTTTTTTTTCCCCCCCCCCTTTTTTTTTTCCCCCCCCCCTTTTTTTTTTCCCCCCC
singleTournament,3
Te,299,CTCCCCCCCCCCCCCCCCCCCCCCCCCCCCCCCCCCCCCCCCCCCCCCCCCCCCCCCCCCCCCCCCCCCCCCCCCCCCCCCCCCCCCCCCCCCCCCCCCC
WSLS,299,CCTCCCCCCCCCCCCCCCCCCCCCCCCCCCCCCCCCCCCCCCCCCCCCCCCCCCCCCCCCCCCCCCCCCCCCCCCCCCCCCCCCCCCCCCCCCCCCCCCC
singleTournament,4
T,500,TTTTTTTTTTTTTTTTTTTTTTTTTTTTTTTTTTTTTTTTTTTTTTTTTTTTTTTTTTTTTTTTTTTTTTTTTTTTTTTTTTTTTTTTTTTTTTTTTTTT
WSLS,0,CCCCCCCCCCCCCCCCCCCCCCCCCCCCCCCCCCCCCCCCCCCCCCCCCCCCCCCCCCCCCCCCCCCCCCCCCCCCCCCCCCCCCCCCCCCCCCCCCCCC
singleTournament,5
R,228,TTCCTCTTTTCCCTCTTTTCCTCTTCCCTTCTCTTCCCTCTTTTTCCCTTCTTCTCCCCCTTCTCCCTCCCTCCTCTTCTCCCTTTTTTCTCTCCCTTCC
WSLS,223,CCCTTCTCCCCTTTCTCCCCTTCTCCTTTCCTCTCCTTTCTCCCCCTTTCCTCCTCTTTTTCCTCTTTCTTTCTTCTCCTCTTTCCCCCCTCTCTTTCCT
singleTournament,6
G,300,CCCCCCCCCCCCCCCCCCCCCCCCCCCCCCCCCCCCCCCCCCCCCCCCCCCCCCCCCCCCCCCCCCCCCCCCCCCCCCCCCCCCCCCCCCCCCCCCCCCC
WSLS,300,CCCCCCCCCCCCCCCCCCCCCCCCCCCCCCCCCCCCCCCCCCCCCCCCCCCCCCCCCCCCCCCCCCCCCCCCCCCCCCCCCCCCCCCCCCCCCCCCCCCC
session,16
singleTournament,1
Cy,63,CCCTTTTTTTTTTCCCCCCCCCCTTTTTTTTTTCCCCCCCCCCTTTTTTTTTTCCCCCCCCCCTTTTTTTTTTCCCCCCCCCCTTTTTTTTTTCCCCCCC
WSLS,293,CCCCTTTTTTTTTTTTTTTTTTTTTTTTTTTTTTTTTTTTTTTTTTTTTTTTTTTTTTTTTTTTTTTTTTTTTTTTTTTTTTTTTTTTTTTTTTTTTTTT
singleTournament,2
WSLS,0,CCCCCCCCCCCCCCCCCCCCCCCCCCCCCCCCCCCCCCCCCCCCCCCCCCCCCCCCCCCCCCCCCCCCCCCCCCCCCCCCCCCCCCCCCCCCCCCCCCCC
T,500,TTTTTTTTTTTTTTTTTTTTTTTTTTTTTTTTTTTTTTTTTTTTTTTTTTTTTTTTTTTTTTTTTTTTTTTTTTTTTTTTTTTTTTTTTTTTTTTTTTTT
session,17
singleTournament,1
Cy,205,CCCTTTTTTTTTTCCCCCCCCCCTTTTTTTTTTCCCCCCCCCCTTTTTTTTTTCCCCCCCCCCTTTTTTTTTTCCCCCCCCCCTTTTTTTTTTCCCCCCC
WSLS,205,CCCCTTTTTTTTTTCCCCCCCCCCTTTTTTTTTTCCCCCCCCCCTTTTTTTTTTCCCCCCCCCCTTTTTTTTTTCCCCCCCCCCTTTTTTTTTTCCCCCC
singleTournament,2
T,104,TTTTTTTTTTTTTTTTTTTTTTTTTTTTTTTTTTTTTTTTTTTTTTTTTTTTTTTTTTTTTTTTTTTTTTTTTTTTTTTTTTTTTTTTTTTTTTTTTTTT
WSLS,99,CTTTTTTTTTTTTTTTTTTTTTTTTTTTTTTTTTTTTTTTTTTTTTTTTTTTTTTTTTTTTTTTTTTTTTTTTTTTTTTTTTTTTTTTTTTTTTTTTTTT
session,18
singleTournament,1
WSLS,56,CCCTTCCCCCCCCCCCTCCC
U,56,CCTTCCCCCCCCCCCTCCCC
session,19
singleTournament,1
R,213,CTCTCCCCCCTTCCCCTCCTCTTTCCCTTTTCTCCTTCTTTCTTTTTTCCTCCTTCCTCTTTTCTCCCCTTTTTCTCTTTTTTCTCCTTTCTCTTTTCCC
TfT,213,CCTCTCCCCCCTTCCCCTCCTCTTTCCCTTTTCTCCTTCTTTCTTTTTTCCTCCTTCCTCTTTTCTCCCCTTTTTCTCTTTTTTCTCCTTTCTCTTTTCC
singleTournament,2
R,240,CCCCTCTCTTCCTCCCCCCCCCCCCTTTCCTTCTTCCCTTTCCTTCCTCCTTCCCCCTTTTCCTTTCCTCCTCTTCCTTCCCCTCCCCCCTCTTTCTTTT
NTfT,235,CCCCCTCTCTTCCTCCCCCCCCCCCCTTTCCTTCTTCCCTTTCCTTCCTCCTTCCCCCTTTTCCTTTCCTCCTCTTCCTTCCCCTCCCCCCTCTTTCTTT
singleTournament,3
R,242,TCTTCCCTTCTCCTTTTTCCCCTTCTCCTCCCTTCCCCCCCTTCCTCCCCTCCCTTTCCCCTTCTTTCCTCTCCCCCCCTTTCTTCTCCCCCTCCCTCCT
STfT,242,TTCTTCCCTTCTCCTTTTTCCCCTTCTCCTCCCTTCCCCCCCTTCCTCCCCTCCCTTTCCCCTTCTTTCCTCTCCCCCCCTTTCTTCTCCCCCTCCCTCC
singleTournament,4
R,153,CTTTTTCCCTCCTTCCTCTTTCCTCTTTCTCCCCTTCCTTCTCCCCCCTTTTTCCTTTTCCCCCCCCTTTTTTTTCTTTCCTCCCTTTTTTCCCTTCTCT
TTfT,243,CCTTTTTTCCTTCTTTCTTTTTTCTTTTTTTTCCCTTTCTTTTTCCCCCTTTTTTCTTTTTCCCCCCCTTTTTTTTTTTTTCTTCCTTTTTTTCCTTTTT
session,20
singleTournament,1
R,317,CCTCCCTCTTTTTCTTCCCTTCCCTCTCTTCCTCCCCCTTCCTCCCCCCTCTCTCCCTTTTCCTTCCCCTTTCTCCCTTCTCCCTTCTCCTTTTTTTCTT
NTfT,192,CCCCCCCCCCTTTTCCTCCCCTCCCCCCCCTCCCCCCCCCTCCCCCCCCCCCCCCCCCCTTTCCCTCCCCCTTCCCCCCTCCCCCCTCCCCCTTTTTTCC
